unidade;fase;id_execucao;inicio_local;fim_local;duracao_decorrida_s;espera_externa_s;duracao_lote_s;tentativas;erros;retrabalhos;subagentes_usados;arquivos_processo_criados_alterados;linhas_processo_delta;arquivos_evidencia_criados_alterados;tokens_disponiveis;resultado;bloqueio_proxima_acao
PREPARACAO_CONEXAO;CHECKOUT_FONTES_PACOTE1;NAO_APLICAVEL;2026-09-25T07:52:10-03:00;2026-09-25T07:53:53-03:00;103;0;NAO_APLICAVEL;1;0;0;0;23;271;0;NAO_DISPONIVEL;PREPARADO (checkout Scripts-Deploy main 5c2807a; leitura de AGENTS/guia/READMEs anterior a 07:52:10 NAO_INSTRUMENTADO; 22 consultas read-only validadas pelo guard + pacote 1);Usuario executar Executar_Pacote1_Preparacao_ReadOnly_MEDCHAP.sh no Terminal do macOS com VPN ativa
MASTER_01_31;PLANO_PREFLIGHT_OFFLINE;NAO_APLICAVEL;2026-09-25T07:52:26-03:00;2026-09-25T07:52:26-03:00;NAO_DISPONIVEL;0;NAO_APLICAVEL;1;0;0;0;0;0;0;NAO_DISPONIVEL;PREFLIGHT_APROVADO (VM; 33 arquivos; 1085 instrucoes; 0 bloqueios; 1 aviso COMMIT_INTERNO etapa 17 linha 306; sha256_suite 7290fd66...abb9 igual ao lote FOCUSFINTAXPRD);Fila repete preflight no Mac imediatamente antes do apply
PREPARACAO_CONEXAO;PACOTE1_CREDENCIAL_PREPARE_IDENTIDADE;NAO_APLICAVEL;2026-09-25T07:55:45-03:00;2026-09-25T07:59:16-03:00;211;185;NAO_APLICAVEL;1;0;0;0;0;0;4;NAO_DISPONIVEL;IDENTIDADE_VALIDADA_READ_ONLY (FRANCISCO_JUNIOR/SANKHYA/medchapprd; DB_NAME=MEDCHAPPRD; service_compativel=true; TSIEMP 1-3 = nome informado truncado em 40 caracteres; Keychain AUSENTE -> cadastrado na 1a autenticacao; rota OK sem alteracao; espera = intervalo observado entre credential status e prepare com entradas interativas);Nenhum
PREFLIGHT_READ_ONLY;CONSULTAS_P01_P20;NAO_APLICAVEL;2026-09-25T07:59:16-03:00;2026-09-25T08:00:08-03:00;52;0;NAO_APLICAVEL;1;0;0;0;0;0;21;NAO_DISPONIVEL;CONCLUIDO (0 invalidos; 9 triggers DISABLED pre-existentes; sem RMD_ anteriores; 14 BKP_*_NOVO de 22/09 preservados; quota USERS=0 diagnostico);Nenhum
VOLUMETRIA;INICIAL_JRXML;NAO_APLICAVEL;2026-09-25T08:00:08-03:00;2026-09-25T08:00:19-03:00;11;0;NAO_APLICAVEL;1;0;0;0;0;0;1;NAO_DISPONIVEL;CONCLUIDO (23 indicadores; financeiros sem nota=0; itens sem cabecalho=0; cabecalhos sem itens=0; CODMUNFIS duplicados=0; notas sem financeiro=0);Repetir apos todas as ondas
ATIVIDADES_29_30;PREFLIGHT_READ_ONLY;NAO_APLICAVEL;2026-09-25T08:00:19-03:00;2026-09-25T08:01:31-03:00;72;0;NAO_APLICAVEL;1;0;0;0;0;0;2;NAO_DISPONIVEL;MERGE_ANTIFRAGIL_OBRIGATORIO (bairros 421 grupos/850 registros; enderecos 6943 grupos/14226 registros; 61469 referencias a obsoletos);Executar Master 01-31 e repetir preflight antes do merge
CARD_09;PREFLIGHT_EXECUTADO;NAO_APLICAVEL;2026-09-25T07:59:36-03:00;2026-09-25T08:00:07-03:00;31;0;NAO_APLICAVEL;1;0;0;0;0;0;1;NAO_DISPONIVEL;PREFLIGHT_EXECUTADO (escopo dashboard=0; FDUP anteriores=0; TGFNUM TGFFIN 1 linha ULTCOD 1354826; APTO_PARA_VALIDACAO_FINAL=NAO_DISPONIVEL ate mapa);Gerar mapa 32A apos Master (gate MAPA_CRIADO)
MASTER_01_31;POS_VALIDACAO_PREPARADA;NAO_APLICAVEL;2026-09-25T08:05:00-03:00;2026-09-25T08:05:00-03:00;NAO_DISPONIVEL;0;NAO_APLICAVEL;1;0;0;0;1;37;0;NAO_DISPONIVEL;PREPARADO (00_Master_PosExecucao_MEDCHAP_READONLY.sql validada read-only; inicio/fim ESTIMADO);Reiniciar fila com --autorizar e enviar pedido batch_apply
MASTER_01_31;APPLY_LOTE;MEDCHAP_MAS_20260925_081306;2026-09-25T08:13:18-03:00;2026-09-25T08:42:34-03:00;1756;NAO_DISPONIVEL;1756;1;0;0;0;0;0;4;NAO_DISPONIVEL;LOTE_CONCLUIDO_POS_VALIDADO (1085/1085 OK; COMMIT_LOTE=OK; 0 ORA/PLS/SP2; CONTROLE_PENDENTE=0; triggers fora da linha de base=0; 29/30 CONCLUIDO_PARCIAL 421/6943 grupos; 31 CONCLUIDO 0 invalidos; etapas 08/09 alteraram 748602/838097 registros);Merge antifragil 29/30 e mapa Card 09
VOLUMETRIA;POS_MASTER;MEDCHAP_V02_20260925_01;2026-09-25T08:44:50-03:00;2026-09-25T08:44:52-03:00;ESTIMADO 2;0;NAO_DISPONIVEL;1;0;0;0;0;0;2;NAO_DISPONIVEL;CONCLUIDO (4 indicadores=0; classificacao fiscal divergente 231->0; 32 cab sem itens TIPMOV Z de 14/09/2022 fora do indicador - D01);Nenhum
ATIVIDADES_29_30;MERGE_FASE1_REDIRECIONAMENTO;MEDCHAP_MRG_20260925_01;2026-09-25T08:46:53-03:00;2026-09-25T08:47:27-03:00;34;0;34;1;0;0;0;3;NAO_DISPONIVEL;5;NAO_DISPONIVEL;LOTE_CONCLUIDO_POS_VALIDADO (mapa 7712 = 429 BAI + 7283 END; 61339 referencias redirecionadas; excecoes 0; remanescentes 0; BKP_TGFPAR_NOVO intacto);Fase 2 exclusao
ATIVIDADES_29_30;MERGE_FASE2_EXCLUSAO;MEDCHAP_DEL_20260925_01;2026-09-25T08:49:12-03:00;2026-09-25T08:49:18-03:00;6;0;6;1;0;0;0;2;NAO_DISPONIVEL;4;NAO_DISPONIVEL;LOTE_CONCLUIDO_POS_VALIDADO (pais obsoletos excluidos com backup: 429 BAI / 7283 END; referencias fisicas 0);Preflight R04
ATIVIDADES_29_30;PREFLIGHT_R04_POS_EXCLUSAO;MEDCHAP_P21R04_20260925_01;NAO_DISPONIVEL;NAO_DISPONIVEL;NAO_DISPONIVEL;0;NAO_APLICAVEL;1;0;0;0;0;0;2;NAO_DISPONIVEL;PADRONIZACAO_UNICA_SEM_COLISOES (414 BAI / 6877 END a normalizar);Fase 3
CARD_09;MAPA_CRIADO_VALIDADO;MEDCHAP_FDUP_20260925_01_MAPA;NAO_DISPONIVEL;NAO_DISPONIVEL;NAO_DISPONIVEL;0;NAO_DISPONIVEL;1;0;0;0;2;NAO_DISPONIVEL;4;NAO_DISPONIVEL;MAPA_CRIADO + MAPA_VALIDADO + POS_VALIDACAO_CONCLUIDA (BASE_TOTAL=0; APTO_PARA_VALIDACAO_FINAL=0; SEM_VDUP_XML=0; TGFFIN 1329720 e ULTCOD 1354826 preservados; INSERT_AUTORIZADO=NAO_APLICAVEL);SEM_CANDIDATOS_APTOS - sem 32B
ATIVIDADES_29_30;NORMALIZACAO_REMANESCENTE;MEDCHAP_NORM2930_20260925_01;NAO_DISPONIVEL;NAO_DISPONIVEL;36;0;36;1;0;0;0;3;NAO_DISPONIVEL;4;NAO_DISPONIVEL;LOTE_CONCLUIDO_POS_VALIDADO (414 BAI / 6877 END normalizados com backup; colisoes 0; candidatos 0);Preflight R05 final
ONBOARDING;API_PROTOTIPO_PREPARADO;NAO_APLICAVEL;NAO_DISPONIVEL;2026-09-25T09:11:08-03:00;NAO_DISPONIVEL;0;NAO_APLICAVEL;1;1;1;0;3;328;0;NAO_DISPONIVEL;PREPARADO (onboarding_api.py somente leitura + pacote de teste; 1 erro: import vault_provider corrigido com sys.path; VM sem rota ao host: proxy 403);Usuario rodar Testar_API_Onboarding_MEDCHAP.sh no Mac
ONBOARDING;API_TESTE_1_PROBE;NAO_APLICAVEL;2026-09-25T09:16:30-03:00;2026-09-25T09:16:41-03:00;11;NAO_DISPONIVEL;NAO_APLICAVEL;1;1;0;0;0;0;5;NAO_DISPONIVEL;API_RESPONDEU_COM_RESTRICAO (rede/TLS OK 168.75.67.146 TLSv1.3; executeServerFunction e records HTTP 403 sem corpo em ~60 ms; chave gravada no Keychain);Diagnostico de autenticacao (7 chamadas de leitura) - reescrita motivada pelo 403 sem corpo
ONBOARDING;API_TESTE_2_DIAGNOSTICO;NAO_APLICAVEL;2026-09-25T09:18:59-03:00;2026-09-25T09:19:03-03:00;4;0;NAO_APLICAVEL;1;0;0;0;1;NAO_DISPONIVEL;1;NAO_DISPONIVEL;BLOQUEADO_AUTENTICACAO (7/7 casos HTTP 403 vazio, inclusive sem chave e GET /; cabecalhos padrao Spring Security; chave nao reconhecida em Bearer/raw/X-API-Key);Aguardar exemplo de chamada valido e tipo/escopo da chave com Adelcione - sem novas tentativas por adivinhacao
ONBOARDING;CONFERENCIA_ARQUIVOS;MEDCHAP_O01_O03_20260925_01;2026-09-25T09:33:00-03:00;2026-09-25T09:35:15-03:00;NAO_DISPONIVEL;NAO_DISPONIVEL;NAO_APLICAVEL;1;0;0;0;5;NAO_DISPONIVEL;4;NAO_DISPONIVEL;CONCLUIDO_COM_DIVERGENCIAS (empresas 5/5; usuarios 80 ok / 12 CBS em CODEMP 4 / 1 nominal; contas 3 ok / 1 agencia BB; inicio ESTIMADO; zip anterior era da RIO'S - baixado por engano pelo usuario);Decisao do GP/cliente sobre usuarios CBS e agencia BB
CADASTROS;DIAGNOSTICO_CARACTERES_CORROMPIDOS;MEDCHAP_C01_C02_20260925;2026-09-25T09:45:00-03:00;2026-09-25T09:50:09-03:00;NAO_DISPONIVEL;0;NAO_APLICAVEL;5;3;3;0;3;NAO_DISPONIVEL;7;NAO_DISPONIVEL;CONCLUIDO (charset WE8MSWIN1252; 9 colunas descritivas de TGFPRO/TGFPAR/TGFVEN/TSIUSU; 1 registro atipico: TSIUSU 102 NOMEUSU JOAO.GON¿ALVES; erros: C02 R01 ORA-00972 aspas duplas no padrao, R02 aspas mal escapadas, R03 arquivo nao regerado - corrigidos com CHR(); inicio ESTIMADO);Decisao do usuario sobre NOMEUSU (login) e sobre criar atividade generica
ATIVIDADE_33;PROCESSO_MODELO_ALLOWLIST;NAO_APLICAVEL;NAO_DISPONIVEL;2026-09-25T10:05:00-03:00;NAO_DISPONIVEL;0;NAO_APLICAVEL;1;0;0;0;8;NAO_DISPONIVEL;0;NAO_DISPONIVEL;CRIADO (modelo 33, 2 diagnosticos read-only, prefixo 33_Caracteres_Cadastros_ na allowlist do oracle_batch + 2 testes unitarios OK, AGENTS.md; requisito: pedido do usuario em 25/09);Nenhum
ATIVIDADE_33;APPLY_TENTATIVA_01;MEDCHAP_CAR_20260925_01;2026-09-25T09:57:15-03:00;2026-09-25T09:57:17-03:00;2;0;2;1;1;0;0;0;0;2;NAO_DISPONIVEL;LOTE_COM_ERRO (PLS-00204 DECODE em PL/SQL no bloco 3; somente tabela de mapa vazia criada; nenhum cadastro alterado);Reescrita motivada pelo PLS-00204 com novo ID/mapa
ATIVIDADE_33;APPLY_TENTATIVA_02;MEDCHAP_CAR_20260925_02;ESTIMADO 2026-09-25T10:00:30-03:00;ESTIMADO 2026-09-25T10:01:57-03:00;87;0;87;1;0;1;0;1;NAO_DISPONIVEL;4;NAO_DISPONIVEL;LOTE_CONCLUIDO_POS_VALIDADO (1 registro: TSIUSU 102 NOMEUSU -> JOAO.GONCALVES por decisao do usuario; backup 1; 0 corrompidos restantes; dicionario sem candidata acentuada porque a base e sem acento -> modelo passou a incluir letra sem acento);Nenhum
ATIVIDADE_34;APPLY_LOTE;MEDCHAP_USUEMP_20260925_01;2026-09-25T10:27:30-03:00;2026-09-25T10:27:33-03:00;ESTIMADO 3;0;2;1;0;0;0;5;NAO_DISPONIVEL;4;NAO_DISPONIVEL;LOTE_CONCLUIDO_POS_VALIDADO (12 usuarios CBS CODEMP 4->2; backup 12; allowlist + teste unitario do prefixo 34; requisito: decisao do usuario com evidencia SPED);Pendencia restante do onboarding: agencia BB
ONBOARDING;CONTAS_REVISAO_AGENCIA_BB;NAO_APLICAVEL;NAO_DISPONIVEL;2026-09-25T10:54:53-03:00;NAO_DISPONIVEL;0;NAO_APLICAVEL;1;0;1;0;1;NAO_DISPONIVEL;2;NAO_DISPONIVEL;CONCLUIDO (agencia BB confere com DV X->0 por hash; script de comparacao ajustado - requisito: regra informada pelo usuario);Relatorio
RELATORIO;PREVIA_TXT;NAO_APLICAVEL;NAO_DISPONIVEL;2026-09-25T11:00:18-03:00;NAO_DISPONIVEL;0;NAO_APLICAVEL;1;0;0;0;0;0;1;NAO_DISPONIVEL;PREVIA_GERADA (volumetria V04 10:57, 4 indicadores=0; SMTP confrontado: nao configurado na base);Aguardar aprovacao do texto antes do PDF
ATIVIDADE_35;DIAGNOSTICO_SMTP;MEDCHAP_S00_S02_20260925;NAO_DISPONIVEL;NAO_DISPONIVEL;NAO_DISPONIVEL;0;NAO_APLICAVEL;1;1;1;0;4;NAO_DISPONIVEL;3;NAO_DISPONIVEL;CONCLUIDO (MSDSMTPPROP = conta do cliente; TSISMTP so conta de testes Deploy Agent, 0 referencias; erro: mascara do S00 nao cobria formato posicional e expos senha criptografada no log - log redigido e consulta corrigida para nunca selecionar o 5o campo);Remover conta de testes
ATIVIDADE_35;APPLY_LOTE;MEDCHAP_SMTP_20260925_01;NAO_DISPONIVEL;NAO_DISPONIVEL;2;0;2;1;0;0;0;5;NAO_DISPONIVEL;4;NAO_DISPONIVEL;LOTE_CONCLUIDO_POS_VALIDADO (conta de testes removida da TSISMTP; backup 1; MSDSMTPPROP inalterado; prefixo 35 na allowlist + teste; AGENTS.md);Relatorio atualizado
ATIVIDADE_35;TESTE_ENVIO_TELA;NAO_APLICAVEL;2026-09-25T11:40:11-03:00;2026-09-25T11:40:22-03:00;11;NAO_DISPONIVEL;NAO_APLICAVEL;2;0;1;0;0;0;2;NAO_DISPONIVEL;TESTE_ENVIO_OK (tela br.com.sankhya.bim.smtp via navegador do app; recebido na caixa de entrada 11:40:22; 1a digitacao caiu fora do campo por coordenada - repetida; Destinatario limpo; MSDSMTPPROP inalterado);Aprovacao do texto
RELATORIO;PDF_FINAL_QA;NAO_APLICAVEL;NAO_DISPONIVEL;NAO_DISPONIVEL;NAO_DISPONIVEL;0;NAO_APLICAVEL;2;0;1;0;0;0;19;NAO_DISPONIVEL;PDF_FINAL_GERADO_QA_OK (16 paginas; fontes LiberationSans; QA visual das 16 paginas; texto aprovado pelo usuario);Envio do e-mail
COMUNICACAO;EMAIL_ENVIO;NAO_APLICAVEL;NAO_DISPONIVEL;2026-09-25T11:53:46-03:00;NAO_DISPONIVEL;0;NAO_APLICAVEL;1;0;0;0;0;0;1;NAO_DISPONIVEL;EMAIL_ENVIADO_VERIFICADO (para ana.rodrigues@sankhya.com.br somente; anexo Relatorio_Entrega_Tecnica_MEDCHAP_FINAL.pdf; verificado em Enviados);Nenhum - revisao concluida
